<?xml version="1.0" encoding="UTF-8" standalone="no"?>
<registration_data version="1.0">
   <environment>
      <hostname>fryf1fa</hostname>
      <hostId/>
      <osName>Windows XP</osName>
      <osVersion>5.1</osVersion>
      <osArchitecture>x86</osArchitecture>
      <systemModel>Parallels Virtual Platform</systemModel>
      <systemManufacturer>Parallels Software International Inc.</systemManufacturer>
      <cpuManufacturer>GenuineIntel</cpuManufacturer>
      <serialNumber>Parallels-D2 C9 5C 4F 09 34 42 62 A5 89 88 B6 D2 65 CC CF</serialNumber>
   </environment>
   <registry urn="urn:st:10b96dde-ff86-430a-b20d-16a73d8fdd58" version="1.0">
      <service_tag>
         <instance_urn>urn:st:11a35288-bd95-4192-bf52-377ae73e9845</instance_urn>
         <product_name>Java SE 6 Development Kit</product_name>
         <product_version>1.6.0_14</product_version>
         <product_urn>urn:uuid:b58ef9a8-5ae8-11db-a023-080020a9ed93</product_urn>
         <product_parent_urn>urn:uuid:fdc90b21-018d-4cab-b866-612c7c119ed3</product_parent_urn>
         <product_parent>Java Platform Standard Edition 6 (Java SE 6)</product_parent>
         <product_defined_inst_id>id=1.6.0_14-b08 x86,dir=C:\jdk-1.6.0_14\jre</product_defined_inst_id>
         <product_vendor>Sun Microsystems</product_vendor>
         <platform_arch>x86</platform_arch>
         <timestamp>2009-06-01 02:53:28 GMT</timestamp>
         <container>global</container>
         <source>Windows JDK i586 installer</source>
         <installer_uid>-1</installer_uid>
      </service_tag>
   </registry>
</registration_data>
